CV_white,lambda,lambda_SE,C0,C0_SE,CV_lambda,CV_lambda_SE,CV_0,CV_0_SE,lambda_lin,lambda_SE_lin,C0_lin,C0_SE_lin,CV_lambda_lin,CV_lambda_SE_lin,CV_0_lin,CV_0_SE_lin
1e-08,19.2600303453596,0.000137767337321293,0.478753030202187,0.0490684004884444,1.01158945961237e-05,5.05849407362132e-06,0.144945709117301,0.0725078130100436,19.2600001993531,1.94936220054842e-07,0.478752091174401,0.0490782512378141,1.43136782630233e-08,7.15348559234693e-09,0.14497509211461,0.0724657747560003
1.12201845430196e-08,19.2603257496328,0.000503542713104821,0.484112571263763,0.0531756213173804,3.69732549367997e-05,1.84955447916061e-05,0.155339252311385,0.0777060034077007,19.260000028729,2.3816118144282e-07,0.484154878155415,0.0532297242504932,1.74875790407494e-08,8.74788475104131e-09,0.155483712656641,0.0777707998599115
1.25892541179417e-08,19.2601795127478,0.000662308720034588,0.382840538892511,0.0385919752356916,4.86312172599918e-05,2.43277755602697e-05,0.142558818183059,0.07116887240779,19.259999710648,3.19907952572862e-07,0.382854099953772,0.0386466279981475,2.34900400849658e-08,1.17493927494735e-08,0.142755648853094,0.0713242173409325
1.41253754462276e-08,19.260364292285,0.000450775707300011,0.491119979260358,0.0428258191445427,3.30987051531188e-05,1.65576334640311e-05,0.123319874595943,0.0616888162715032,19.2600003044397,2.17720597106563e-09,0.491161770849288,0.0428775835449714,1.59866779007835e-10,7.99719466647843e-11,0.123458428098409,0.0617056053706389
1.58489319246111e-08,19.2607944458677,0.000513611503171418,0.418144100357416,0.00587896615322095,3.77116507637973e-05,1.88643170848205e-05,0.0198833695357912,0.00994648030004132,19.2600001275693,2.33385810233244e-07,0.418209264382307,0.00583577692332829,1.71369354055628e-08,8.57068029465312e-09,0.0197342229712307,0.00987108123642401
1.77827941003892e-08,19.2611119977786,0.000179868683083839,0.466518967137854,0.0346460944980046,1.32065444140863e-05,6.6031928879817e-06,0.105026762412126,0.0525311454915392,19.2600007006901,2.68909623457603e-08,0.466629152610669,0.0346663954883061,1.97453594346316e-09,9.8776197625173e-10,0.105063488605172,0.0525563480067045
1.99526231496888e-08,19.2586296859978,0.000480289284450208,0.413343105400946,0.0612903467475988,3.52689485704062e-05,1.76135971137102e-05,0.209699009080909,0.104809404268831,19.2600001995943,8.96227364322044e-07,0.413223069680568,0.0613119991671558,6.58077300342307e-08,3.29171029484944e-08,0.209834026995219,0.104959223864826
2.23872113856834e-08,19.2604414936885,0.00118919254652106,0.494248345802614,0.0271311952722534,8.73174287367284e-05,4.36791623109328e-05,0.0776316292067815,0.0388289452606784,19.2600004976682,2.62099543846261e-07,0.494286455166683,0.0270085266850471,1.92453125660127e-08,9.62313788538315e-09,0.0772746741053807,0.0386504073343917
2.51188643150958e-08,19.2617321143298,0.000581040005492639,0.479792501200173,0.00796106637024874,4.26604757646749e-05,2.13407402788182e-05,0.0234656606837232,0.0117378559436012,19.2600009667118,3.4078390243053e-07,0.479971173280127,0.00801605369202429,2.50229071892911e-08,1.25104766862559e-08,0.023618943134644,0.0118125210671515
2.81838293126446e-08,19.2619267017421,0.000464565635081016,0.475312175172716,0.017730857384454,3.41084789656385e-05,1.70517127416419e-05,0.0527552633729323,0.0263865547412898,19.2600012967491,6.80661784713266e-08,0.475501938258234,0.0176851654706992,4.99792867352016e-09,2.49960963162154e-09,0.0525983152730968,0.0262988417288536
3.16227766016838e-08,19.260578561204,0.00137006905584514,0.515964143416577,0.0691762756191814,0.000100597717457288,5.01461695724653e-05,0.189606251564888,0.0948384212769899,19.2600008555699,9.63270890608214e-07,0.516062621669242,0.0693270659675556,7.07305657955557e-08,3.53818465388302e-08,0.189983294302004,0.0949705355500854
3.54813389233575e-08,19.2591306357581,0.00219460184210263,0.435670386301117,0.00678148644270221,0.00016115139088096,8.04182617527349e-05,0.0220131328680445,0.0110089019140516,19.2600002912952,1.1763529137454e-06,0.435582781376643,0.00658301076689074,8.63766469156158e-08,4.32012909775289e-08,0.0213731660337027,0.0106877382606812
3.98107170553497e-08,19.2607264816615,7.34950966414516e-05,0.439423344138272,0.0219664229120525,5.39635732521426e-06,2.69714672928772e-06,0.0706954093664914,0.0353651088777661,19.2600002063876,3.78036732584519e-07,0.439487697296013,0.0219868559016302,2.77582901644481e-08,1.38770887602509e-08,0.0707508082736733,0.0353829104332271
4.46683592150963e-08,19.2572461971367,0.00183053052031923,0.405023037272486,0.0286016449000356,0.000134430492380486,6.72402706325881e-05,0.0998679837971709,0.0499300929962518,19.2600004504929,2.39729512685471e-07,0.404801959301473,0.028744667712808,1.76027372902897e-08,8.8040113020562e-09,0.100422189150242,0.0502346113825451
5.01187233627272e-08,19.2601009310748,0.0022434810561105,0.411784766581669,0.0126083047824009,0.00016473233176881,8.24072150654961e-05,0.0433013483471552,0.0216599479517385,19.2600005664406,1.74136400232783e-06,0.411770442476574,0.0124071629593382,1.27863993597765e-07,6.39423633092546e-08,0.042612038936397,0.02131241671184
5.62341325190349e-08,19.2633974313372,0.000676861709449028,0.456792374618573,0.0533660920029951,4.96914945956864e-05,2.48579806301869e-05,0.165219594885982,0.0825975580477915,19.2600001993048,7.89758587416145e-08,0.45712722213462,0.0533385662037314,5.79899944842599e-09,2.89927332800851e-09,0.165013414363317,0.0825346176430766
6.30957344480193e-08,19.2587412210443,4.9464881103134e-05,0.440202696073755,0.0153514638865056,3.6323197302628e-06,1.81561438986301e-06,0.0493187538927284,0.0246574515144355,19.2599996186858,4.59063336677445e-07,0.440088391086211,0.0153402498184516,3.37078717326469e-08,1.68589963486071e-08,0.0492955274050748,0.0246588637993408
7.07945784384137e-08,19.2629356252519,0.00104992329846887,0.444018327561399,0.0273752177439377,7.70814893966481e-05,3.85489226473783e-05,0.087191004972739,0.0435890434149234,19.2599997316154,3.71502803631074e-07,0.444267232860656,0.0272994735045613,2.72785208035218e-08,1.36261746334364e-08,0.0869010424811247,0.0434526958869058
7.94328234724282e-08,19.2645043247332,0.0045139711149762,0.433094763682873,0.0605244459674706,0.000331372095713038,0.000165768621526299,0.197634558345734,0.0987620685123494,19.2600010193037,1.13545307911522e-06,0.43356338664165,0.0609755517321121,8.33734713883774e-08,4.17035071630191e-08,0.19889237626979,0.0993715007881697
8.91250938133746e-08,19.259634426921,0.00129947421426913,0.422928199145677,0.0840268078317205,9.54189480982436e-05,4.77172100933935e-05,0.280974055356393,0.140476058292829,19.2600036499948,2.74419423362815e-06,0.422878256408968,0.0841185911494527,2.01499271418052e-07,1.00734708731285e-07,0.281314185934934,0.140720437754722
1e-07,19.2595286632659,0.00076771815112231,0.399658504001301,0.0813790591083208,5.63730006263331e-05,2.81991940766172e-05,0.287964269324729,0.14399769945725,19.2599997631434,1.65679805697039e-06,0.399594031593175,0.0813134693056303,1.21654533286376e-07,6.08557556281002e-08,0.287778600288771,0.143628074621649
1.12201845430196e-07,19.2482755192863,0.000784634242350535,0.427175705912768,0.0249060962443949,5.76488208474899e-05,2.88027623467717e-05,0.0824544528330118,0.041237872313675,19.2600023562969,5.4656335617409e-06,0.426123854134258,0.0247245748090169,4.01327734388798e-07,2.00749818891531e-07,0.0820555542234516,0.0410272842826147
1.25892541179417e-07,19.2618012489592,0.00421289238321165,0.464826029529773,0.0420308653913926,0.000309313208466324,0.000154714183361342,0.127877132730533,0.0638905464062837,19.2600016611778,3.12700066018579e-06,0.464940284702822,0.0416339794943727,2.29607806945222e-07,1.14833548701195e-07,0.126638496154704,0.0633509314659137
1.41253754462276e-07,19.2537844010037,0.00104644858762093,0.508000563705307,0.0362500361411499,7.68629041500297e-05,3.84284513039475e-05,0.100915818623123,0.0504830562373,19.2599987102847,2.49933444429473e-06,0.507286398404754,0.0363059890773701,1.83519880826387e-07,9.17323807368214e-08,0.101213875061597,0.0506200055031036
1.58489319246111e-07,19.2608286002968,0.00828237704715562,0.479745776377689,0.0697792715822326,0.000608128040171368,0.000304213732475774,0.205698094914376,0.102854194928348,19.2599995546434,1.47552862372891e-06,0.479700308577455,0.0689695409894443,1.08344373810956e-07,5.4183681685564e-08,0.203330409661745,0.101520389056427
1.77827941003892e-07,19.2562682663378,0.0138879397517364,0.423559344857658,0.00801604184216331,0.0010199542548262,0.00051022822550295,0.026764596808854,0.0133580033533523,19.2599998809346,2.89046698753737e-06,0.423304629224003,0.00925734930524888,2.12239752888757e-07,1.06040176938998e-07,0.0309277717163357,0.0154455784115276
1.99526231496888e-07,19.2648468777762,0.0112718147798407,0.395661259762647,0.00652094644018333,0.000827452895698715,0.000413930154869127,0.0233078439388987,0.0116596600259003,19.2600000405708,5.61230980267169e-06,0.39615966406294,0.00569207454503448,4.12097851633367e-07,2.06071200172278e-07,0.0203196078496964,0.0101614513270575
2.23872113856834e-07,19.2497723926112,0.00211038207580216,0.400696571907755,0.0053349388296457,0.000155042402191419,7.74468257668503e-05,0.0188290676194072,0.00941736057265875,19.2600044935198,5.36570386344692e-07,0.399844182629965,0.00517562899434443,3.93990104099794e-08,1.97079432258883e-08,0.018305742675734,0.00912810032806879
2.51188643150958e-07,19.255602420447,0.00353738558267658,0.529717262036059,0.0222602003276881,0.000259800683309296,0.000129914384175813,0.0594292077316059,0.0296922872243778,19.2599969707432,1.72840054979417e-06,0.52916634535575,0.0218745040682231,1.26912143467368e-07,6.34876966096509e-08,0.0584602943761838,0.0292447732321335
2.81838293126445e-07,19.2546976725085,0.0219397973772715,0.404783028643261,0.0277537871441201,0.00161142800237033,0.000805955921022828,0.0969649896587484,0.0484787092615664,19.2599945290365,3.31228346972523e-06,0.404417427356764,0.0295208298133838,2.43212748490015e-07,1.21666249730878e-07,0.10323184677639,0.0516268757554929
3.16227766016838e-07,19.2609530133981,0.0120932282843889,0.362969057112792,0.0283356660537884,0.000887931528661125,0.000443867094307265,0.11040247769575,0.0551358869858683,19.2599944421863,4.72251769600973e-06,0.3631568845533,0.0293266584693408,3.46762746702318e-07,1.73466741359495e-07,0.114204521270306,0.0571290049807644
3.54813389233575e-07,19.2304184023946,0.0112872236061499,0.411906427286421,0.0145719424589484,0.00083006746766192,0.000415220643875937,0.050030388676687,0.0250076811396942,19.259996359294,3.30982921958878e-06,0.409349724954994,0.0154885769636559,2.43032515902967e-07,1.21489251337538e-07,0.0535096380149515,0.026739870698417
3.98107170553497e-07,19.2398132899096,0.000143517696916007,0.408712688390368,0.0227386714987431,1.05492018223282e-05,5.27545618251168e-06,0.078679567670175,0.039357500469102,19.2600249716032,1.97817450420246e-06,0.407021860551297,0.0226049670090505,1.45252211080125e-07,7.26099646118618e-08,0.0785418524643755,0.0392591313899839
4.46683592150963e-07,19.2283739381395,0.00898975976484983,0.468970556099038,0.0151381548891231,0.000661181243033219,0.000330750087239929,0.0456501664658483,0.0228328045276735,19.2599971228881,5.96364479044098e-06,0.465832205401017,0.0158776632559255,4.37895566131455e-07,2.18994241530126e-07,0.0482027787151226,0.0241103623787521
5.01187233627272e-07,19.2595321874541,0.0104183373846691,0.469745198219497,0.00453160798392765,0.000765011002519337,0.000382659391435644,0.0136428461525947,0.00682478174909353,19.2599980694365,2.6423536603204e-06,0.469790756976748,0.00548195804217957,1.94021430819417e-07,9.70561512308481e-08,0.0165023668441274,0.00825450305031657
5.62341325190349e-07,19.2644272593169,1.7396985175111e-05,0.500841511523968,0.0385214131539547,1.27712347986608e-06,6.38799478427664e-07,0.108771944159211,0.0543215853988601,19.2599990082778,7.65485280140865e-06,0.501131600345937,0.03843287174189,5.62076698190329e-07,2.80906660637009e-07,0.10845911217893,0.0542132684915338
6.30957344480193e-07,19.2583270648727,0.00021302354021735,0.422354213822094,0.0583590260229505,1.56431438029531e-05,7.81406773520788e-06,0.195409737579428,0.097720711538047,19.260009610681,1.19737507908724e-06,0.42228169732947,0.0580958790162673,8.79202093000851e-08,4.39764711318551e-08,0.194562019955815,0.0973102191093202
7.07945784384137e-07,19.2340172988663,0.0135337682013468,0.442048598835052,0.0225275935668755,0.000995093133325114,0.000497731804775589,0.0720708728267958,0.036044741661018,19.259979990784,1.51733842024271e-06,0.439894198042805,0.0209916060544045,1.11414475697472e-07,5.56278863458823e-08,0.0674858047917315,0.0337465500800444
7.94328234724282e-07,19.2418859942504,0.0190954442418327,0.510977449181849,0.0110992743703809,0.00140345058870052,0.000702076420363904,0.0307190549646086,0.0153661065315008,19.2599951361755,9.44660046187096e-07,0.508879038127293,0.00901260697681347,6.93640387603478e-08,3.46959727012324e-08,0.0250467204659346,0.0125287244476656
8.91250938133746e-07,19.2644925841293,0.00314792522389595,0.461967806869681,0.0274717259368466,0.000231090360959602,0.000115602071607952,0.0840986900471288,0.0420399996861844,19.2600236532299,4.98922267944124e-06,0.462649549890169,0.0276370806229277,3.66345675685708e-07,1.83255329555139e-07,0.0844802167226176,0.0422558344832269
1e-06,19.2623404578658,0.0249825036654343,0.439324391257717,0.0322411354263491,0.00183417978635433,0.000915298027241812,0.103786295260586,0.0518376405849553,19.2600116284945,1.55959881489309e-05,0.439569180569197,0.0348657862692121,1.1451736574342e-06,5.72872191282787e-07,0.112172713612162,0.0560497399435861
1.12201845430196e-06,19.3578013936438,0.0205642180659691,0.431181231386711,0.00266152596330385,0.00150235016348708,0.000749261245260419,0.00872942939053081,0.00436374465087176,19.259980886571,2.99773736500697e-06,0.439879058506725,0.00465541717476464,2.20116565171744e-07,1.10076128428097e-07,0.0149671915035167,0.00748638191741336
1.25892541179417e-06,19.2801957812079,0.00800417231284811,0.531354431809134,0.135503210926308,0.000587110689583043,0.000293673448409691,0.36064530032173,0.180342143447789,19.2599698157454,1.99638137008407e-05,0.533442709824404,0.136665666406761,1.46589513703898e-06,7.33242449063509e-07,0.362315269069513,0.181196074318875
1.41253754462276e-06,19.2228457567532,0.0624700993241731,0.420695726726867,0.00614085870084055,0.00459588880985549,0.00229872175613768,0.0206431515882353,0.0103246749011666,19.2600357589656,2.87456860981194e-05,0.417694081419519,0.000770888849133955,2.11071981633037e-06,1.05583518849018e-06,0.00261004767370036,0.00130550970122791
1.58489319246111e-06,19.222832198686,0.0736860880112715,0.453774297680125,0.0244358215615932,0.0054210463862282,0.00271179269047298,0.076155636043746,0.0380919945103298,19.2600166074504,4.56674842084226e-05,0.450669005197566,0.0173215818545236,3.35324609751516e-06,1.67463812160004e-06,0.054355670565106,0.0271913800174598
1.77827941003892e-06,19.1459529397255,0.0182653780349007,0.487654943260302,0.00493181737748408,0.00134917000058178,0.000674917146569439,0.0143024142762813,0.00715335432543964,19.2599450223519,2.20561328241331e-05,0.475765961956057,0.00379700850288037,1.61953121554563e-06,8.09937431694172e-07,0.01128660171304,0.00563848589718278
1.99526231496888e-06,19.2848925810734,0.0791230051653606,0.495590575037774,0.060749354444816,0.00580230491459348,0.00288975196394135,0.173353903985605,0.0867159868752098,19.2599752132223,1.87230777015657e-06,0.497238382526635,0.0530248381168016,1.37479047204285e-07,6.86735735832923e-08,0.150809848641163,0.0754402408795825
2.23872113856834e-06,19.2190519738686,0.00986945706929099,0.46867470603563,0.00248061147818679,0.000726233534288155,0.000363156020889088,0.00748517969980532,0.00374338398892006,19.2599917723901,3.40771476743384e-05,0.464680101203726,0.00348494756628537,2.50220067472333e-06,1.24947121818657e-06,0.0106061354889805,0.0053033331566545
2.51188643150958e-06,19.2129375745709,0.260252751493423,0.49698135504177,0.0761263818346167,0.0191565172883321,0.00958236136379138,0.216625755780837,0.108366858246204,19.2600107991437,2.08319226810971e-05,0.488210871225007,0.0490934594810004,1.52963505021633e-06,7.63429028134487e-07,0.142210344574336,0.0711356292414685
2.81838293126445e-06,19.2274643658155,0.0967674283388344,0.550542853794366,0.0185144415697602,0.00711741324540179,0.00355817936784614,0.0475591939614912,0.0237190115575042,19.260003434898,1.41397179067582e-05,0.547168362941597,0.0285249600297891,1.03824388710308e-06,5.19355729622183e-07,0.0737257269835683,0.0368813087586338
3.16227766016838e-06,19.2426958947222,0.0225606971644741,0.417332787194457,0.0163225284256779,0.00165806517346368,0.000829246663603732,0.0553120717569172,0.0276498894096911,19.2599389593147,1.08279247559295e-05,0.416527205132321,0.0146085551157046,7.95069915566118e-07,3.97733078993352e-07,0.0495996816456232,0.0247961665001272
3.54813389233575e-06,19.1276071246438,0.132069457096659,0.557810116211235,0.0247362949422804,0.00976465148955871,0.00488285353525112,0.062713821018238,0.0313715967937357,19.2600227367936,1.5859314959954e-05,0.543317680005617,0.03996048866963,1.164508402343e-06,5.82283342294175e-07,0.104014036567083,0.0519826489258614
3.98107170553497e-06,19.0649597358435,0.400053647633843,0.433917663061345,0.0784781918720519,0.0296754518236372,0.0148451206532322,0.255774154278397,0.127877091572163,19.2597772400269,0.000168898210040069,0.409197667465959,0.0403995664018145,1.24019159890798e-05,6.20255923641084e-06,0.139623510254225,0.0698444520761659
4.46683592150963e-06,19.2739371311274,0.192933276876699,0.415709602048369,0.0169131417277698,0.0141563633281474,0.00705902552160413,0.0575372671112065,0.0287821075979619,19.2599462862865,1.65024794256396e-05,0.416268411406236,0.00142765376828879,1.21173911233282e-06,6.054740046724e-07,0.00485025350510376,0.00242633537342389
5.01187233627272e-06,19.0975618478559,0.190353623702537,0.50167156178861,0.018860296461987,0.0140960756368602,0.00705155037941489,0.0531672294754437,0.026571158234016,19.2599613237763,8.01457824657348e-05,0.486685246937269,0.0377759102050389,5.88491589493091e-06,2.9429350641263e-06,0.109769517114292,0.0548590407529606
5.62341325190349e-06,19.2307588668023,0.186304343255614,0.423641839571389,0.00926006163359167,0.0137006620896242,0.00685341608484454,0.0309122082084371,0.0154586102962903,19.2602550118722,0.000411461198915219,0.421158267728538,0.00746061338435217,3.02121652874022e-05,1.51135204449143e-05,0.0250521037819772,0.0125250738427474
6.30957344480193e-06,19.2948912161221,0.0694941067494081,0.388327169200154,0.0292618845226003,0.00509355078342697,0.00254639806370316,0.106566208173621,0.0533096590170462,19.260018097171,0.000140703122980312,0.392281810530716,0.0242971601019676,1.03314682147799e-05,5.16599264617078e-06,0.0875935932305036,0.0438186238135458
7.07945784384137e-06,18.8243871244716,0.137946287059606,0.579079233204665,0.0718200369039188,0.0103634455001776,0.00518394227207189,0.175397189910557,0.0877417752245343,19.2599990860272,0.000323115093419091,0.525983994734239,0.0458321547223054,2.37255331778412e-05,1.18683226199083e-05,0.123228948884302,0.0616408661823294
7.94328234724282e-06,19.481824321427,0.130103079765821,0.513103157536539,0.017089148795926,0.0094443691142912,0.00472431118844325,0.0471010666015819,0.0235611392609326,19.2601950197053,7.70583265605751e-05,0.538569655253316,0.0327103908502092,5.65814263065587e-06,2.83012458725704e-06,0.0858932134769689,0.042948756164513
8.91250938133746e-06,19.3650440622864,0.161417979128496,0.44629714262017,0.0537866694297221,0.0117882249356175,0.00589563447451861,0.170437652671975,0.0851370657576662,19.2599194892008,3.71780053090021e-05,0.454447355271352,0.0409767006243894,2.7298992272242e-06,1.36560801909387e-06,0.127517093216907,0.0637577807354257
1e-05,19.4851043612544,0.257458732120268,0.413629183010148,0.0771043542341604,0.0186861524560203,0.00934296399819221,0.263622655157999,0.131877018958435,19.2603886877301,0.000245832339144769,0.428100064039085,0.0595479386136535,1.80504886856158e-05,9.02968811389707e-06,0.196714528851602,0.0984047086401696
1.12201845430196e-05,19.4631816821355,0.164320124193056,0.450629725649283,0.0569223327378042,0.0119396587875428,0.00597162186623149,0.178639646649428,0.0893638018402528,19.259619462102,0.000218499175367981,0.472940627644978,0.0724522527208661,1.60441642048421e-05,8.01832312921795e-06,0.216650785390439,0.108371792435614
1.25892541179417e-05,19.1503804507815,0.55667101471604,0.4402183276246,0.122531549072179,0.0411089325778533,0.0205647101068813,0.393635992966271,0.196877092114698,19.2599015571341,0.000433616846180485,0.420951428944351,0.0749054961982043,3.18395617403736e-05,1.592516623151e-05,0.251649861090722,0.125886883127187
1.41253754462276e-05,19.1263482710588,0.488791778871999,0.429093585968981,0.0758292595338605,0.036141554731764,0.0180796748976236,0.249919296778412,0.125006171249627,19.2600086653739,6.55037734400565e-05,0.413395346151416,0.0332721303110782,4.80977586225525e-06,2.4060142815255e-06,0.113822998669504,0.0569395209223979
1.58489319246111e-05,19.9672370559656,0.0354150277725616,0.390075218118158,0.00841095982138756,0.00250832964257379,0.00125458908156892,0.0304938455443698,0.0152384040932235,19.260048461971,0.000645293148080484,0.445442958611268,0.0147385453642887,4.73821404719591e-05,2.37021661569334e-05,0.0467926371735915,0.0234079787109282
1.77827941003892e-05,19.3333384309664,0.0607042307008214,0.458649653582582,0.011808617489944,0.00444045122662427,0.0022201989437752,0.0364110315503554,0.0182133138655859,19.2599218236543,0.000466279276432502,0.46800657992552,0.00854492070885787,3.42378584203018e-05,1.71253026400096e-05,0.0258208821717692,0.0129110872379375
1.99526231496888e-05,19.50711734094,0.0113249812530913,0.418969748337728,0.000918119620404611,0.000821030693660196,0.00041055972446893,0.00309907153012488,0.00154672264212821,19.2602321426839,0.000323591655524424,0.446921279264585,0.00196341559550639,2.37602384292776e-05,1.18734816181136e-05,0.00621292628605436,0.00310642582793046
2.23872113856834e-05,20.1105985569993,0.147675251171973,0.378702685437491,0.018319347242066,0.0103847900122084,0.00519461909940607,0.068411105386334,0.0341568290063183,19.259631545575,0.000844608404447555,0.446853244377417,0.013137848702174,6.20186662261701e-05,3.10208779829267e-05,0.041579028571017,0.0207978783534798
2.51188643150958e-05,19.4590818767198,0.145926454019419,0.444648425771498,0.0150137992870903,0.0106053909270083,0.00529760795565642,0.0477517007683323,0.0238839271336055,19.2600145981065,0.000190296889778452,0.466568202441709,0.0367543147369606,1.39730134175787e-05,6.97740923538424e-06,0.111405899726381,0.0557268094804842
2.81838293126445e-05,19.7306695982935,1.04136960661148,0.459512114290415,0.174631153237117,0.0746411070225648,0.0373062800596387,0.537452088074225,0.268686229821909,19.2605828511457,0.000586194826112774,0.473801408287673,0.0911426997330639,4.30415153938246e-05,2.15308371329148e-05,0.272044869050996,0.135946436800018
3.16227766016838e-05,20.201543320045,0.758502392793893,0.39935303378035,0.156267196375096,0.0530991298034739,0.0265371243530438,0.553383021472753,0.276736375992581,19.2610710578058,0.0012268081202631,0.448097792027505,0.127464990131496,9.00764384752321e-05,4.50246922154644e-05,0.402284324937378,0.201210205064945
3.54813389233575e-05,19.5509524381481,0.0886697238848004,0.454955895502467,0.0451107582281637,0.00641390369530457,0.00320647670847675,0.140225122315965,0.0700915031724769,19.2602125139722,0.000204386555632041,0.488997734556614,0.0490323315291921,1.5007427292501e-05,7.48218563895403e-06,0.14180472289147,0.0709138581938772
3.98107170553497e-05,20.2921222009317,0.396942074545777,0.404452294571028,0.0504434628682657,0.0276639801268975,0.0138139787500719,0.176381319327234,0.0882261406595519,19.2604278620254,0.00107766482902605,0.481904662027554,0.0260788049217725,7.91284714866585e-05,3.95839535420195e-05,0.0765317344216606,0.0382332181284389
4.46683592150963e-05,19.6917229373086,0.504171227990659,0.439592463868078,0.1503605648985,0.0362084003849051,0.0181015178900165,0.483725194591491,0.241843712391715,19.2600837807568,0.000723282117457202,0.477549411343088,0.121519493092557,5.3108563367304e-05,2.65394454177318e-05,0.359867505104579,0.180010824780687
5.01187233627272e-05,20.1486890871414,0.435127547384633,0.372088057968732,0.0468929260400434,0.0305411074741436,0.0152468728958517,0.178228273025523,0.0891499890432602,19.2599419977033,0.000650347121434081,0.450206844188629,0.026576910660593,4.77535041119053e-05,2.3888508282871e-05,0.0834847981263498,0.0417418976499644
5.62341325190349e-05,20.9786785930364,0.393165323327084,0.32453554930061,0.0846145091595484,0.0265040398058498,0.0132584122286648,0.368720735478302,0.184452617115821,19.2580635438016,0.00110082993848692,0.438887148603764,0.0860893316995215,8.08393131185625e-05,4.04359182549703e-05,0.277403202286556,0.13876989382786
6.30957344480193e-05,20.5793486074736,0.478547901913684,0.425025737361273,0.0550763944954499,0.0328858287033316,0.0164271387039071,0.183258982257514,0.0916340770746132,19.260313065393,0.000493787794429323,0.547732121528106,0.0212652287152186,3.6257011682276e-05,1.81215724940371e-05,0.0549056257137637,0.0274557805681339
7.07945784384137e-05,20.8385537866284,0.264692171107519,0.349234642533924,0.0838272990255143,0.0179633990951154,0.00897970339250526,0.33945573760619,0.169785284536867,19.2597127425793,0.000823945326617448,0.470604938577551,0.0870135504980671,6.05011440788639e-05,3.02569908992369e-05,0.261484173108235,0.130800966127719
7.94328234724282e-05,21.0821216820127,0.855365338503507,0.333446147622882,0.0562617176950627,0.0573789147383399,0.0287023776388493,0.238617494231036,0.119314718374855,19.2584634789158,0.000539188687424641,0.452665468056301,0.0306207864805036,3.9594433650893e-05,1.97982076523446e-05,0.0956651977832621,0.0477703137161562
8.91250938133746e-05,20.6723051538459,0.209014755192936,0.368768331371032,0.0148199185762642,0.0142989134172562,0.00715187523486012,0.0568338657657962,0.0284254652154379,19.2624903841657,0.00045562746701755,0.496455342422331,0.0183949063688318,3.34512583988412e-05,1.67177919333391e-05,0.0524001331891299,0.0262129667548312
0.0001,21.7682441459681,0.882996443264234,0.3050332692551,0.0492230342372933,0.0573654694985023,0.0286970868816225,0.22821078752993,0.114139654505495,19.2614334022795,0.00157632157491783,0.459653285984221,0.0130902299016372,0.000115736731703794,5.78954690096192e-05,0.0402746618504814,0.020118010783283
0.000112201845430196,22.086682046353,0.145894813474559,0.264751495708358,0.0586764246369244,0.00934166677740912,0.00467223583082857,0.313429751515023,0.156767889441405,19.263925226735,0.0025727478976787,0.431534454831751,0.0931378475430826,0.000188871942069967,9.4355396673974e-05,0.305228946821916,0.152556105163401
0.000125892541179417,20.7922312922272,0.375983503108527,0.357602174140405,0.0370764930014243,0.0255730595649636,0.0127855313958335,0.146626846925316,0.0732971297801666,19.2637127791315,0.000496963813754192,0.480035236961516,0.016344778287136,3.64837751412696e-05,1.82510153608334e-05,0.0481527299411609,0.0240876413477093
0.000141253754462276,21.4607746788595,1.32927898679694,0.380990961595702,0.0902945473547605,0.0875962960068551,0.0438157689387646,0.33516746156553,0.167659201955599,19.2626118003682,0.00315418026512582,0.540231280035339,0.04552644369156,0.000231572154147094,0.00011583266029841,0.119178797108911,0.0594812162798087
0.000158489319246111,21.6099893677843,0.742810116883813,0.367065511959226,0.034665474712712,0.0486114140866298,0.0243054150811165,0.133557588189501,0.0667988447765101,19.257042900921,0.00375845056061053,0.539378968488763,0.0100183491274276,0.000276015989769122,0.000138059375684407,0.0262674038780062,0.0131263639474578
0.000177827941003892,23.1082846660274,0.124670661146276,0.28100237674238,0.0442494927249122,0.00762977184898048,0.00381403807784693,0.222696453550183,0.111401937389875,19.2604290608691,0.00256764737527071,0.514606660837179,0.0680009996126233,0.000188531715987415,9.42977463538486e-05,0.186876585994146,0.0934820556427802
0.000199526231496888,21.9579493868246,0.997574658530656,0.296692109841306,0.0666429811226222,0.0642493334291167,0.0321005400369421,0.317660647568273,0.158806791622545,19.2587693798558,0.00655053328414112,0.46115335919369,0.055959030550696,0.000481019987751579,0.000239819975419978,0.171608898350897,0.0858430911270475
0.000223872113856834,23.6005122932562,0.457596125422233,0.192409798584347,0.0233173076834946,0.0274205338689373,0.0136398466986916,0.171382398436267,0.0857004626308654,19.2579422976379,0.00528370731425376,0.364278980589304,0.0340859586969072,0.000388010849131276,0.000194100947264422,0.132329416859774,0.0661972860319184
0.000251188643150958,23.6872071900111,0.852335355100269,0.19920119940002,0.0412336897396638,0.0508875617629249,0.0254523880321885,0.292735402357778,0.14619441880318,19.2566499146017,0.00886099862307077,0.373915019215175,0.0358959028972633,0.000650754128287594,0.000325523597393351,0.135764732899708,0.0679151106052
0.000281838293126446,23.3009802410384,1.19568006070843,0.27387115634094,0.0231385223750573,0.0725697777784815,0.0362576377484163,0.119482506275115,0.0597566798177626,19.2578859360303,0.00285400817407933,0.497627677191066,0.0383781123133308,0.000209585677281182,0.00010478465629771,0.109067178976364,0.054547671419867
0.000316227766016838,24.661812344586,1.35746906225883,0.209893683578416,0.0352951895652814,0.0778430689328382,0.038906648710774,0.237810566372295,0.118903854885879,19.255544628163,0.0132969930341229,0.440047040982683,0.0118290882779148,0.000976590808038399,0.00048753817896173,0.0380160653637802,0.0189991259311762
0.000354813389233575,24.0616044584866,0.0516563922626965,0.238519357256654,0.00173314960527954,0.00303608891282409,0.00151746387193237,0.0102760786612824,0.00513859476433083,19.2570669533937,0.0116823532929438,0.4572141745838,0.00288742798987354,0.000857936595811827,0.000428839459249185,0.00893113129611956,0.00446779117125851
0.000398107170553497,25.9860225600851,1.02276749438206,0.186835085641169,0.0236547903124951,0.055661140844662,0.0278302361191769,0.179050552310453,0.08956989325296,19.2437314168384,0.0101261908346117,0.447040887886411,0.00711486935312699,0.000744169418253025,0.000372264190192871,0.02250788463954,0.0112587627961983
0.000446683592150963,25.1939867742223,0.748477020400344,0.224136873227194,0.0376310314184512,0.0420142458143148,0.0210081742884,0.237436679792162,0.118775605603911,19.2794972286235,0.00695980340454128,0.494021426363565,0.0595815634762006,0.000510524120491053,0.000255338704012528,0.170561539720397,0.0853027914800203
0.000501187233627273,24.8899060412898,0.16248893224655,0.211448090416474,0.0175499127717376,0.00923241941280893,0.00461363056246208,0.117377861447561,0.0586843482259613,19.2545326822414,0.00412869347439404,0.46171986322852,0.0381001613363871,0.00030324570337428,0.000151523862317399,0.116697957314983,0.05831088460664
0.000562341325190349,24.6529930417186,0.496503690411631,0.227588062481614,0.0551261540791799,0.0284818257791335,0.0142457303215471,0.342549402153038,0.171359031819935,19.2545867532187,0.00561591176692921,0.477091634236606,0.0585462045052189,0.000412478267525233,0.000206282895582532,0.173544934547495,0.0867656919817609
0.000630957344480193,25.6870358461495,1.17952768880654,0.200043895314551,0.0391577030998982,0.0649395307693649,0.0324860124536926,0.276826017150782,0.138335675201192,19.2718702562155,0.0115099583555356,0.457130613838249,0.031453542112462,0.000844626857297264,0.000421908253036112,0.0973070376246047,0.0486638425878617
0.000707945784384137,27.7067125806521,0.98816263179973,0.150800016799127,0.0166507453612292,0.0504380659254877,0.0252217591973295,0.156151905107795,0.0780886124927778,19.2670420478988,0.0123929928093762,0.393325799976563,0.0184409715813775,0.000909653825732083,0.000454923422452227,0.0663050125755159,0.0331475944414777
0.000794328234724282,29.0269178725051,2.46387475659395,0.16829905809135,0.00330493936189104,0.120041856047845,0.060049880087529,0.0277713382440326,0.0138925893827843,19.2748030533551,0.00344693660398931,0.483111366225849,0.059646270364495,0.000252905541006471,0.000126344878869681,0.174602732188684,0.0873387604727262
0.000891250938133746,27.6435655816055,0.162320277181967,0.156038329588904,0.0277104329054527,0.00830412186739212,0.00414335700443083,0.251146433939445,0.125545308709134,19.2730813116493,0.0180601077791138,0.406426424134973,0.0685767004877467,0.00132520840576254,0.000662850892458605,0.238621541645534,0.119316742183388
0.001,26.4996336115631,0.219132430423519,0.19496236648714,0.00368291338609923,0.0116945033883599,0.00584343422370308,0.0267150330266971,0.0133624895577218,19.2547306657083,0.00383533609819864,0.477876121814452,0.0230356616518509,0.000281696193029148,0.000140681348710368,0.0681711088693702,0.0340599550661211
0.00112201845430196,27.807746521906,3.83054720665332,0.202540107566037,0.0897317602937269,0.194809450190148,0.0974526843840281,0.626541942274942,0.313417694349984,19.2949965602588,0.0150183399858683,0.473834750631617,0.0632166249878232,0.00110075894680855,0.000549790764879586,0.188677188209733,0.0943374609017354
0.00125892541179417,29.578939150402,2.97517590035486,0.175168806550509,0.0583877798034737,0.142247633944311,0.0711571284369049,0.471389807928598,0.235584462458369,19.2513107866238,0.0172979148401531,0.488969295034124,0.0518417521276377,0.0012707158509288,0.000635548695000438,0.149938472007681,0.0749467193383666
0.00141253754462276,30.3951772307178,0.762008422127524,0.140425229489419,0.00465717610207932,0.0354543958416596,0.0177269849802367,0.0469021245674142,0.023462374282192,19.255849340626,0.0226080164792553,0.434808038191807,0.00766039763386916,0.00166040785621757,0.00083038008883121,0.0249154506711524,0.012460942230682
0.00158489319246111,29.752980253678,1.75102884258538,0.189066708551979,0.0327578898515584,0.0832296030910918,0.0416348751168976,0.245028077431525,0.122533904246588,19.2609652959075,0.0105801900215852,0.56131827238894,0.0488553495059274,0.000776837920173681,0.00038861020642652,0.123088631288821,0.0615395101949211
0.00177827941003892,32.6479046417362,0.212250452025032,0.142397231168114,0.00968603356482263,0.00919408063603243,0.00457628607966053,0.0961965336025473,0.0481199278097129,19.2444132011866,0.00130288328817763,0.452960540000782,0.0291034650658208,9.57449415093853e-05,4.78940300760984e-05,0.0908655641572319,0.0454445139550515
0.00199526231496888,31.3425662509362,0.961916299451269,0.13806309426912,0.0217179740963893,0.0434027981518932,0.0217087402495593,0.222462444992811,0.111283318617016,19.28122334601,0.0148551093916129,0.414621256957466,0.0269825502860219,0.00108957283441781,0.000545041572715258,0.0920336039737122,0.0460132089431234
0.00223872113856834,31.3262839580221,0.852015839130111,0.168310581465207,0.0271687324493101,0.0384639415472685,0.0192415939770253,0.228282675799815,0.114192741342233,19.2264715095361,0.000601114077529274,0.53578692173874,0.0172252240577774,4.42152727063648e-05,2.21100262387475e-05,0.0454661069336488,0.0227280011157302
0.00251188643150958,33.6621960123137,0.232032740619587,0.130360241832216,0.000208965693853785,0.00974814146346195,0.00487603167503812,0.00226696509737293,0.0011332306356822,19.3216771835333,0.0126868368532573,0.493552198403983,0.0289063229041863,0.000928588992097543,0.000464035087916754,0.0828275388532974,0.0414132719609654
0.00281838293126445,33.0853383783151,2.67118248843886,0.135363778974402,0.0214717622821347,0.114178143186219,0.0570672375626333,0.224326312825444,0.112204915099924,19.3225317538132,0.0890445905994781,0.481641728897115,0.0551449807533187,0.0065171618960797,0.00325942239483862,0.161918652390698,0.0809991882422336
0.00316227766016838,34.5001582454765,1.23390084875477,0.132239522264961,0.0154462620687863,0.0505794582887591,0.0252800569479071,0.165187478988909,0.0826344062795042,19.388564001346,0.0314617710160583,0.455733422976408,0.025878086385393,0.00229484057014731,0.00114733069320533,0.0803038330949449,0.0401562570605976
0.00354813389233575,32.2435017284109,1.03290320597952,0.138279408851103,0.00593059354525238,0.0453035695322068,0.0226565912415171,0.0606534689025851,0.0303069351644683,19.2913933650374,0.0883409111348215,0.469571715314524,0.0590367575926073,0.00647609596026808,0.00323925351533004,0.177801559470155,0.0889452634905424
0.00398107170553497,35.347439869953,1.83275005696321,0.132533789695823,0.0254859376275051,0.073326385065886,0.0366742008480188,0.271949958763975,0.136025603283925,19.3645957752015,0.164826048628237,0.468585410139027,0.0928637137920111,0.0120373921618818,0.00601822613437137,0.280267205626464,0.140055308117843
0.00446683592150963,35.7619045034531,0.501707334172764,0.139758426782407,0.00897695419126336,0.0198401434761581,0.00992217667512493,0.0908376736799729,0.0454371098132404,19.3529095583984,0.00121365006247665,0.486532338859256,0.0114751268194517,8.86874592758375e-05,4.4365829413581e-05,0.0333549872883461,0.0166737871225929
0.00501187233627272,34.0605879387785,1.91797710561706,0.146283545442454,0.0145500686157313,0.0796354202681451,0.0398261590420394,0.140664517718577,0.0703533764874057,19.1966407261683,0.0425988943761428,0.490577359223257,0.00830486122607063,0.00313825398038092,0.0015686557101107,0.0239408671409774,0.0119710326762958
0.00562341325190349,36.9949560630557,0.382841692314081,0.126236265961319,0.00633571545346898,0.0146349657123426,0.00731046232261204,0.0709784518212709,0.0353814934472217,19.4086754075816,0.0378229664999239,0.491960747432377,0.0798749600321271,0.00275597128964716,0.00137805461134821,0.229612326513855,0.114613163452119
0.00630957344480193,37.971683831093,2.54858483711344,0.138182671582698,0.0179254626942644,0.0949192365957953,0.0474787123213501,0.183455943959444,0.0917736868444661,19.4051277513724,0.050459947667683,0.51367238188319,0.0496913428914032,0.00367743738987892,0.00183313700952795,0.136807376701702,0.06842135188768
0.00707945784384137,39.0368376057399,3.3593016121188,0.114812280449447,0.0185908748446277,0.121699660918785,0.060755467465215,0.228995254155148,0.114521922294712,19.0248557316015,0.104497477007586,0.439900242635712,0.025428777231123,0.00776782496029251,0.00388566159641604,0.0817497199350233,0.0408913048013051
0.00794328234724282,40.1129810802236,0.12698708351887,0.103305124830034,0.0307548353451035,0.00447702591336773,0.002239090996509,0.42102369388892,0.210465061335051,19.0868472396922,0.0426884894162711,0.494894006232939,0.119258446247676,0.00316294461476942,0.00158221300383863,0.340794008387368,0.169850653205251
0.00891250938133746,44.0329716710564,0.389165882290644,0.102798400500516,0.00651393312334748,0.0124988990718081,0.00624896157184489,0.0896131897245139,0.0448286563426208,19.5998219649439,0.135650583240727,0.437025265131667,0.00898218413431614,0.00978778760878432,0.00489442284539742,0.0290663438386228,0.0145397169193817
0.01,40.8571672108798,3.58034480897039,0.123382543283242,0.00798291776585226,0.123928616016964,0.0619908495952127,0.0915003879103108,0.0457672268927075,19.4073950772734,0.0443633357679367,0.451542487026644,0.041256245691467,0.00323274869529487,0.00161601511342861,0.129212961937791,0.0646386791792712
0.0112201845430196,50.010791101008,1.67668857226754,0.0826015295407694,0.0133115559351977,0.0474136814590192,0.0237065559609435,0.227905984846844,0.113958695633677,19.3308624370979,0.602935409267152,0.457517231980529,0.00804512306822724,0.0441097460496226,0.0220623337719876,0.0248679642180818,0.0124401788862953
0.0125892541179417,44.9744180897719,5.24632256092908,0.12266067319624,0.0230706721627523,0.16496979468284,0.0825180827866633,0.265992812655034,0.13275495643701,19.3356421229509,0.170214987016539,0.509783886368975,0.0169969965256474,0.0124495655032951,0.00621348189656951,0.0471521043503147,0.0235876603460911
0.0141253754462276,49.1294167079806,2.26612783641819,0.0986723439913589,0.0036673718602122,0.065231564611945,0.0326227030390344,0.0525623169895683,0.0262940985823731,19.3829666388219,0.0657065525494627,0.446253439138162,0.0112498885164798,0.00479405962377896,0.00239822442996811,0.0356518146861056,0.0178305104365184
0.0158489319246111,52.6463997715711,6.85037351702442,0.116855175662406,0.0324723974496438,0.184018112864934,0.092036682632289,0.39298990922513,0.196536648818032,19.6290494733569,0.0525748827284875,0.493410757845334,0.0910971485350805,0.00378786106254011,0.00188996030115045,0.26110258218612,0.130549722899964
0.0177827941003892,51.544321287433,5.07617464298482,0.103307980218941,0.0190337600879304,0.139274217717438,0.0696706994423943,0.260558783573737,0.130042874532373,19.5946303132935,0.0936780160194139,0.447339911471334,0.0133266777357123,0.00676107273434913,0.00337083767463247,0.0421307554097542,0.0210516248408519
0.0199526231496888,51.1879502540147,5.05013433954072,0.103390463513475,0.0042246977303676,0.139524408368441,0.0697466997492735,0.057787001084815,0.0288892197066864,18.9731136521298,0.0697584036270502,0.435542112432542,0.00644004132589088,0.00519963577447905,0.00259961489053041,0.0209109372557601,0.0104553430359111
0.0223872113856834,54.4135940813189,5.73964033004731,0.112682831924593,0.023174855321024,0.149173700707324,0.0745381551522109,0.290853487982613,0.145499220944502,18.9286666155532,0.588488447102076,0.491823167462181,0.0210760433362003,0.0439676158968219,0.0219941042580683,0.0606031360438292,0.0303166695449704
0.0251188643150958,55.7093680575295,6.8391055315947,0.10415563549589,0.0165823776171449,0.173614530814532,0.0868296812062753,0.22515366749871,0.112560154464316,18.8492755333512,0.659936217561716,0.46126691536177,0.0238436202314694,0.0495133485382848,0.0247547412401294,0.0731029475221978,0.0365661792037942
0.0281838293126445,64.1500038555452,1.90439798158692,0.094812443938512,0.0192914992469282,0.0419832469500836,0.020971483708408,0.287750201768972,0.143767045968091,18.2764849254013,1.53362936351198,0.477454247713263,0.0359593562923436,0.118670491310825,0.0593591174987332,0.106511167523175,0.0532754109787876
0.0316227766016838,54.5346055664364,0.513403673871675,0.116531504058718,0.00288006426988817,0.0133137927930363,0.00665797580571846,0.0349521443482761,0.017484257246129,19.0347884022726,0.979582861454434,0.490221577305448,0.0148894341065955,0.072779341638056,0.0364032188051023,0.0429537185314219,0.0214686453223649
0.0354813389233575,57.9183987288717,9.7088232072721,0.100553499274659,0.0462633600219884,0.237063692293731,0.118562454023142,0.650661306229985,0.324783742123736,18.8975812986188,1.04537330974685,0.529922965898092,0.00604534605153856,0.078231234411723,0.0391301800701377,0.0161333079060563,0.00807069030752284
0.0398107170553497,52.5324045613625,1.71011183906632,0.162885211309073,0.00453229015014976,0.0460375529385373,0.0230286362558417,0.0393505717765229,0.0196851309155917,20.7477765655962,1.00075157242538,0.490315728881075,0.0310605310430391,0.0682134030996348,0.0341226757232346,0.0895876303128563,0.0448147947334271
0.0446683592150963,69.242017831489,0.986100741914392,0.11666509838729,0.012282285243613,0.0201403293369551,0.0100558203439107,0.148885781682458,0.074465242708071,19.0374341997988,1.46452691589677,0.538250204577402,0.047412356954027,0.108793748421389,0.0543847846729943,0.12457254573847,0.0623049746480287
0.0501187233627272,73.3703586896576,2.83871388771543,0.118680420322764,0.00822754769123882,0.0547162062636872,0.0273698216112458,0.0980406835295783,0.049042418028806,21.0471162601604,0.829190202371795,0.461943829463315,0.0848497190244249,0.0557155676571601,0.0278607953181111,0.259762368830207,0.12978363938864
0.0562341325190349,101.032502533104,9.21988372727922,0.0941146558744217,0.00684795253201251,0.129056336166166,0.0644517742190299,0.102900735866063,0.0514559298343435,19.3717562282472,1.79633160887253,0.378491718659716,0.0178940532235041,0.131139195324102,0.065559882927919,0.0668601491311807,0.0334401121201073
0.0630957344480193,84.7568107576032,22.0776222380831,0.0945095029571982,0.0154119675899596,0.368377154767426,0.184250884902197,0.23062033876579,0.115322634673389,18.5986853184266,0.571036174252228,0.396809517883606,0.033425293757313,0.0434206551918513,0.021717671789888,0.119126436306305,0.0595785988602876
0.0707945784384137,70.6582972683903,10.8581685133135,0.128101203307789,0.0179607999605567,0.217324359172323,0.10871459454272,0.198283905532564,0.0991754906172302,21.4234287504144,0.545017271146342,0.453024119602367,0.0235454632702155,0.0359779391787518,0.0179927866634361,0.0735022972249762,0.0367401105739114
0.0794328234724282,86.3792875437072,4.29580138190062,0.108928603233763,0.00790340790549217,0.0703314503777418,0.0351695266834165,0.102609473702031,0.0513041205741988,19.2525421684259,0.796567259951704,0.523543826061036,0.0350367146501368,0.0585125960255554,0.0292688295586965,0.0946423099132162,0.0472856152182438
0.0891250938133746,74.8205655119868,5.62326588457568,0.135691721930786,0.0147530337745719,0.10628760721573,0.0531694383794858,0.153759862084957,0.0767976971057681,20.3766765873564,3.71418066019436,0.465125555339894,0.059368157042578,0.257777299464524,0.1289490158641,0.180508793590917,0.0902589139194971
0.1,89.1421863496841,8.70814444600408,0.120803672556831,0.010872317518287,0.138152052164542,0.0690794832543201,0.127279068287884,0.0636097140423213,18.9893807880481,0.196703246223084,0.414987628371653,0.0125109676203987,0.0146492611674092,0.00732816373751503,0.0426354398963741,0.0213211765955003
0.112201845430196,118.621802481314,31.6915172997527,0.112609810240945,0.0225715308393889,0.37782745363823,0.188989730867603,0.283465223574099,0.141730909282989,20.4928915662718,0.879350016955984,0.473727422351496,0.012821983452439,0.0606839067112872,0.0303277357762006,0.0382773342631373,0.0191407360648359
0.125892541179417,114.158859258934,27.1710265449926,0.125097979190913,0.0174943826923689,0.3365979170865,0.168099712103422,0.197771326354809,0.0989191143304225,24.2303384426672,4.08011108142421,0.37908002010056,0.0316633680294177,0.238137343437936,0.119074630962821,0.118124834133264,0.0590180592555928
0.141253754462276,80.5744220555719,1.81815845371655,0.175065293454695,0.0521005595327994,0.0319116697109642,0.0159633079109644,0.420879070000129,0.210541043907094,23.5620413166453,6.60041382280613,0.376993426307366,0.0442864374275372,0.396162396120281,0.198123228850128,0.166131492139461,0.083105814173354
0.158489319246111,88.5764331270337,1.40368344075287,0.193301646061115,0.00931839982567341,0.0224112451710971,0.0112068339387314,0.068174315540572,0.0341042141425166,17.7314842792508,0.751023147347953,0.54780348504404,0.02344520911853,0.0598995044018097,0.0299587447704518,0.0605263267089892,0.0302564374596778
0.177827941003892,121.266629613764,12.8837656030453,0.132697842199539,0.00783310481424223,0.150250700529031,0.0751605358825511,0.0834805063908558,0.0417581320774162,28.9712141551636,4.54660643830559,0.307804618106098,0.029705748141317,0.221940042049586,0.111007560087934,0.13648356597239,0.0682562631896524
0.199526231496888,-327.161175402507,495.423315034617,0.082320225251819,0.0316252424253402,-2.14155720151024,1.07105510247171,0.543303260097249,0.271419852302617,14.1918691713831,1.17814693402073,0.606384484932376,0.142377660694914,0.117401827232178,0.0587301686434102,0.332054041185035,0.166035330045268
0.223872113856834,137.975721947341,19.1007363375875,0.149796004635058,0.0633782056187474,0.195777344004318,0.0978992539893259,0.598349189374348,0.29922310555332,22.7590504932949,7.04645178144365,0.402029015190551,0.0337766320760978,0.437856037924847,0.219021793865911,0.11881573062746,0.0594371160402835
0.251188643150958,-3.32822096206048,174.698172130329,0.176301782280043,0.0152658321522549,-74.23200777978,37.1131058304985,0.122455635963664,0.0612583323533731,39.323713475503,10.8352304007951,0.355663990145434,0.0697380067438945,0.389671483945366,0.194856804157704,0.277296655502722,0.138684130204454
0.281838293126445,-85.3651795084791,208.892458780816,0.147806537115685,0.0259970633275652,-3.46064460926894,1.73115695353232,0.24874001013189,0.124376229635157,17.0058821915379,2.77720749815432,0.314234452337583,0.0876876347394567,0.230953293994266,0.115467630450462,0.394638593503855,0.197013303464682
0.316227766016838,167.458579729169,53.0673231598776,0.201220604484163,0.0920164341930027,0.448161737982676,0.224188958016042,0.646707575153902,0.323515585829545,12.4079685694433,3.64859046685634,0.652276240005073,0.0295314635360426,0.415852610594171,0.207810133826363,0.0640277748719978,0.031951336758272
0.354813389233575,161.044232160516,0.0777250008449499,0.227981205706717,0.0102478321006404,0.000682543850566651,0.000341221362733932,0.0635693766805139,0.0317983028885253,78.2494515312204,33.7865668754921,0.29481094883258,0.0900630767186274,0.610629469808902,0.305393574776899,0.43203424115996,0.216124777963402
0.398107170553497,169.58482304802,38.27633060493,0.177226928268155,0.0153124715712935,0.319196640869452,0.159676902063686,0.122188570220042,0.0611008895406237,27.624472544375,0.182876642823082,0.309923960867909,0.00599458748082615,0.00936222865816584,0.0046834472762068,0.0273538931693942,0.0136680173744407
0.446683592150963,-15870708240.4047,15870708024.9046,0.192071372258371,0.0575793617337236,-1.41421354317023,0.705305211909061,0.423954456716646,0.212079478996568,48.8955875144824,30.1753596798276,0.389803217109105,0.083656643986925,0.872765929973921,0.436593461355059,0.303507911982708,0.151793142644228
0.501187233627272,-0.182730936981429,244.704172728006,0.20287342777159,0.000787213268342982,-1893.84438977843,944.205493682075,0.0054875973300166,0.00274116621188386,18.9158756121209,14.8466649810742,0.790179148035733,0.487382090286547,1.10998588713444,0.55513625657468,0.872286194661534,0.4363395139574
0.562341325190349,-27.6852730357454,176.644468347266,0.25273693125229,0.0296801605740438,-9.02331728974992,4.50733007294016,0.166078164395073,0.0829594129075955,12.2431368209378,0.191601892120856,0.902636130315228,0.140563520828272,0.0221320727176932,0.011070156278129,0.220229205162476,0.110167718137475
0.630957344480193,173.532754697026,5.85678646850081,0.311394298934556,0.0206859612404124,0.0477301640842277,0.0238765937497132,0.0939463793557236,0.046996317927284,14.3324997664694,7.96441848324115,1.11708831845021,0.197353219085447,0.785863514316257,0.392712220433048,0.249845598059638,0.124543578561334
0.707945784384137,31746225.8375233,31746121.9570824,0.348918081724221,0.191855982551085,1.41420893476384,0.707407346170565,0.777619007892549,0.388997052487418,15.7037521666938,10.2780830593959,0.461904516807244,0.0796019193739231,0.925600729271758,0.462794805438953,0.243717283276772,0.121917422121459
0.794328234724282,-39.8369891566218,158.462776391189,0.492557277346251,0.141592611459682,-5.62543034119999,2.81384678630528,0.406535850078087,0.203349704089676,37.2001355918491,36.9408711654779,4383.40621799071,4383.20212451443,1.40435727388969,0.702461138487047,1.41414771591767,0.707376723636346
0.891250938133746,3111215.18917579,3110322.27450184,0.286170530454985,0.015095382184302,1.4138076849377,0.706746735267784,0.074599205516737,0.0373179680114382,-78.6583976052693,78.0487707482119,0.023275023562716,0.023275023562716,-1.403252970809,0.701837152421829,1.4142135623731,0.707370039210289
1,-12793308.9199194,12793501.1634445,0.386897102198199,0.090696953383902,-1.41423481359139,0.706722329948612,0.331521897715655,0.165810719448608,44.3934797918178,34.3465963996372,0.763640940001618,0.300998818129489,1.0941566797085,0.547350989644407,0.557430316473203,0.278729107595147
